"Arasta Live Chat","Arasta Live Chat"
"Arasta Live Chat API","Arasta Live Chat API"
"Arasta Live Chat Settings","Arasta Live Chat Settings"
"General","General"
"Enabled","Enabled"
"Widget","Widget"
"Widget Loader URL","Widget Loader URL"
"Store ID","Store ID"
"Customer Identity and Order Links","Customer Identity and Order Links"
"Signing Secret","Signing Secret"
"Identity Token Lifetime (seconds)","Identity Token Lifetime (seconds)"
"The Arasta signing secret must be at least %1 characters long.","The Arasta signing secret must be at least %1 characters long."
"The widget loader URL must be a full https:// address, for example the one shown in your Arasta dashboard.","The widget loader URL must be a full https:// address, for example the one shown in your Arasta dashboard."
"conversationId must be a UUID.","conversationId must be a UUID."
"No active cart.","No active cart."
"Invoice %1 does not exist.","Invoice %1 does not exist."
